{
    "layer1.weights": [
        [
            -0.2491798847913742,
            -1.0818805694580078
        ],
        [
            -0.14887505769729614,
            -0.3450329601764679
        ]
    ],
    "layer1.bias": [
        -0.813930332660675,
        1.0099126100540161
    ]
}