{
    "layer1.weights": [
        [
            0.06323111057281494,
            0.3429037034511566
        ],
        [
            -0.162578746676445,
            -0.6994021534919739
        ]
    ],
    "layer1.bias": [
        0.09095653146505356,
        -1.162808895111084
    ]
}