{
    "layer1.weights": [
        [
            -0.8720541000366211,
            -0.15401947498321533
        ],
        [
            -0.9227553009986877,
            -0.9968613386154175
        ]
    ],
    "layer1.bias": [
        0.8418241739273071,
        1.5437538623809814
    ]
}