{
    "layer1.weights": [
        [
            2.077829122543335,
            -0.5243291854858398
        ],
        [
            -0.40657615661621094,
            0.1837836652994156
        ]
    ],
    "layer1.bias": [
        -0.5662462711334229,
        -1.1715465784072876
    ]
}