{
    "layer1.weights": [
        [
            1.220389723777771,
            -1.2566665410995483
        ],
        [
            -1.3487277030944824,
            -0.028155971318483353
        ]
    ],
    "layer1.bias": [
        -1.8373206853866577,
        1.3079545497894287
    ]
}