{
    "layer1.weights": [
        [
            -1.0958752632141113,
            -1.8349555730819702
        ],
        [
            1.8248578310012817,
            -0.010081620886921883
        ]
    ],
    "layer1.bias": [
        -1.4462944269180298,
        0.17802944779396057
    ]
}