{
    "layer1.weights": [
        [
            -0.5045244097709656,
            0.1826392561197281
        ],
        [
            1.300724983215332,
            -1.351123571395874
        ]
    ],
    "layer1.bias": [
        -0.7146645784378052,
        1.714907169342041
    ]
}