{
    "layer1.weights": [
        [
            -0.6339985132217407,
            -0.05558279901742935
        ],
        [
            -0.13870194554328918,
            0.10197360068559647
        ]
    ],
    "layer1.bias": [
        -1.5272235870361328,
        -1.51129949092865
    ]
}