{
    "layer1.weights": [
        [
            -1.5830183029174805,
            1.779988408088684
        ],
        [
            -0.4204617440700531,
            -0.9173224568367004
        ]
    ],
    "layer1.bias": [
        -0.5769842863082886,
        -0.79897540807724
    ]
}