{
    "layer1.weights": [
        [
            -0.021845754235982895,
            1.169666051864624
        ],
        [
            1.454505443572998,
            -0.14761866629123688
        ]
    ],
    "layer1.bias": [
        -1.7366715669631958,
        0.379225492477417
    ]
}