{
    "layer1.weights": [
        [
            -0.38678956031799316,
            0.4322408437728882
        ],
        [
            0.8721761703491211,
            -0.4655895233154297
        ]
    ],
    "layer1.bias": [
        -1.3261865377426147,
        0.19427771866321564
    ]
}