{
    "conv1": [
        0.10000000149011612,
        0.20000000298023224,
        0.3790000081062317
    ],
    "conv2": [
        0.4000000059604645,
        0.5,
        0.6000000238418579
    ],
    "conv3": [
        0.699999988079071,
        0.800000011920929,
        0.8999999761581421
    ]
}